{
    "Design Information": {
        "design_name": "bp_be_top",
        "design_version": "5.8",
        "eda_tool": "iEDA",
        "eda_version": "V23.03-OS-01",
        "flow_memory": "9597.328000 MB",
        "flow_runtime": "62.157696 s",
        "flow_stage": "iCTS - Clock Tree Synthesis"
    },
    "Design Layout": {
        "core_area": 249999.96,
        "core_bounding_height": 499.8,
        "core_bounding_width": 500.2,
        "core_usage": 0.5048241019248962,
        "design_dbu": 1000,
        "die_area": 270710.008804,
        "die_bounding_height": 520.298,
        "die_bounding_width": 520.298,
        "die_usage": 0.4662036597728729
    },
    "Design Statis": {
        "num_instances": 52452,
        "num_iopins": 3033,
        "num_layers": 20,
        "num_layers_cut": 7,
        "num_layers_routing": 7,
        "num_nets": 49352,
        "num_pdn": 4
    },
    "Instances": {
        "clock": {
            "area": 54944.4,
            "area_ratio": 0.425928883169637,
            "core_usage": 0.21977763516442164,
            "die_usage": 0.20296405087770858,
            "num": 9111,
            "num_ratio": 0.17370167009837567,
            "pin_num": 26973,
            "pin_ratio": 0.1567468619246862
        },
        "iopads": {
            "area": 0.0,
            "area_ratio": 0.0,
            "core_usage": 0.0,
            "die_usage": 0.0,
            "num": 0,
            "num_ratio": 0.0,
            "pin_num": 0,
            "pin_ratio": 0.0
        },
        "logic": {
            "area": 126206.92,
            "area_ratio": 0.9783558012077613,
            "core_usage": 0.5048277607724417,
            "die_usage": 0.46620706991065325,
            "num": 47466,
            "num_ratio": 0.9049416609471517,
            "pin_num": 172080,
            "pin_ratio": 1.0
        },
        "macros": {
            "area": 0.0,
            "area_ratio": 0.0,
            "core_usage": 0.0,
            "die_usage": 0.0,
            "num": 0,
            "num_ratio": 0.0,
            "pin_num": 0,
            "pin_ratio": 0.0
        },
        "total": {
            "area": 128999.0,
            "area_ratio": 1.0,
            "core_usage": 0.5159960825593732,
            "die_usage": 0.47652098483509747,
            "num": 52452,
            "num_ratio": 1.0,
            "pin_num": 172080,
            "pin_ratio": 1.0
        }
    },
    "Layers": {
        "cut_layers": [
            {
                "layer_name": "VIA1",
                "layer_order": 8,
                "via_num": 0,
                "via_ratio": 0.0
            },
            {
                "layer_name": "VIA2",
                "layer_order": 10,
                "via_num": 0,
                "via_ratio": 0.0
            },
            {
                "layer_name": "VIA3",
                "layer_order": 12,
                "via_num": 0,
                "via_ratio": 0.0
            },
            {
                "layer_name": "VIA4",
                "layer_order": 14,
                "via_num": 1985,
                "via_ratio": 1.0
            },
            {
                "layer_name": "T4V2",
                "layer_order": 16,
                "via_num": 0,
                "via_ratio": 0.0
            },
            {
                "layer_name": "RV",
                "layer_order": 18,
                "via_num": 0,
                "via_ratio": 0.0
            }
        ],
        "num_layers": 20,
        "num_layers_cut": 7,
        "num_layers_routing": 7,
        "routing_layers": [
            {
                "layer_name": "MET1",
                "layer_order": 7,
                "patch_num": 0,
                "wire_len": 0.0,
                "wire_num": 0,
                "wire_ratio": 0.0
            },
            {
                "layer_name": "MET2",
                "layer_order": 9,
                "patch_num": 0,
                "wire_len": 0.0,
                "wire_num": 0,
                "wire_ratio": 0.0
            },
            {
                "layer_name": "MET3",
                "layer_order": 11,
                "patch_num": 0,
                "wire_len": 0.0,
                "wire_num": 0,
                "wire_ratio": 0.0
            },
            {
                "layer_name": "MET4",
                "layer_order": 13,
                "patch_num": 0,
                "wire_len": 0.0,
                "wire_num": 0,
                "wire_ratio": 0.0
            },
            {
                "layer_name": "MET5",
                "layer_order": 15,
                "patch_num": 0,
                "wire_len": 0.0,
                "wire_num": 0,
                "wire_ratio": 0.0
            },
            {
                "layer_name": "T4M2",
                "layer_order": 17,
                "patch_num": 0,
                "wire_len": 0.0,
                "wire_num": 0,
                "wire_ratio": 0.0
            },
            {
                "layer_name": "RDL",
                "layer_order": 19,
                "patch_num": 0,
                "wire_len": 0.0,
                "wire_num": 0,
                "wire_ratio": 0.0
            }
        ]
    },
    "Macros": null,
    "Macros Statis": null,
    "Nets": {
        "num_clock": 361,
        "num_patch": 0,
        "num_pins": 175109,
        "num_segment": 0,
        "num_signal": 48991,
        "num_total": 49352,
        "num_via": 0,
        "num_wire": 0,
        "ratio_clock": null,
        "ratio_signal": null,
        "wire_len": 0.0,
        "wire_len_clock": 0.0,
        "wire_len_signal": 0.0
    },
    "Pins": {
        "max_fanout": 32,
        "pin_distribution": [
            {
                "inst_num": 4986,
                "inst_ratio": 0.09505833905284831,
                "net_num": 0,
                "net_ratio": 0.0,
                "pin_num": 0
            },
            {
                "inst_num": 1,
                "inst_ratio": 1.906504995043087e-05,
                "net_num": 746,
                "net_ratio": 0.015115902091100664,
                "pin_num": 1
            },
            {
                "inst_num": 5203,
                "inst_ratio": 0.09919545489209182,
                "net_num": 28558,
                "net_ratio": 0.5786594261630734,
                "pin_num": 2
            },
            {
                "inst_num": 17470,
                "inst_ratio": 0.3330664226340273,
                "net_num": 8763,
                "net_ratio": 0.17756119306208462,
                "pin_num": 3
            },
            {
                "inst_num": 15533,
                "inst_ratio": 0.2961374208800427,
                "net_num": 4104,
                "net_ratio": 0.08315772410439293,
                "pin_num": 4
            },
            {
                "inst_num": 8528,
                "inst_ratio": 0.16258674597727446,
                "net_num": 907,
                "net_ratio": 0.018378181228724266,
                "pin_num": 5
            },
            {
                "inst_num": 626,
                "inst_ratio": 0.011934721268969726,
                "net_num": 339,
                "net_ratio": 0.006869022532014914,
                "pin_num": 6
            },
            {
                "inst_num": 105,
                "inst_ratio": 0.0020018302447952414,
                "net_num": 314,
                "net_ratio": 0.006362457448532988,
                "pin_num": 7
            },
            {
                "inst_num": 0,
                "inst_ratio": 0.0,
                "net_num": 170,
                "net_ratio": 0.0034446425676770954,
                "pin_num": 8
            },
            {
                "inst_num": 0,
                "inst_ratio": 0.0,
                "net_num": 551,
                "net_ratio": 0.011164694439941643,
                "pin_num": 9
            },
            {
                "inst_num": 0,
                "inst_ratio": 0.0,
                "net_num": 112,