{
    "Design Information": {
        "design_name": "gcd",
        "design_version": "5.8",
        "eda_tool": "ecc",
        "eda_version": "V23.03-OS-01",
        "flow_memory": "1082.456000 MB",
        "flow_runtime": "4.585126 s",
        "flow_stage": "iNO - FixFanout"
    },
    "Design Layout": {
        "core_area": 1883.56,
        "core_bounding_height": 43.4,
        "core_bounding_width": 43.4,
        "core_usage": 0.4114549160003662,
        "design_dbu": 1000,
        "die_area": 2259.8614439999997,
        "die_bounding_height": 47.538,
        "die_bounding_width": 47.538,
        "die_usage": 0.34294137358665466
    },
    "Design Statis": {
        "num_instances": 621,
        "num_iopins": 58,
        "num_layers": 20,
        "num_layers_cut": 7,
        "num_layers_routing": 7,
        "num_nets": 367,
        "num_pdn": 4
    },
    "Instances": {
        "clock": {
            "area": 209.44,
            "area_ratio": 0.22352187833511206,
            "core_usage": 0.11119369704177197,
            "die_usage": 0.0926782482864467,
            "num": 34,
            "num_ratio": 0.05475040257648953,
            "pin_num": 102,
            "pin_ratio": 0.08436724565756824
        },
        "iopads": {
            "area": 0.0,
            "area_ratio": 0.0,
            "core_usage": 0.0,
            "die_usage": 0.0,
            "num": 0,
            "num_ratio": 0.0,
            "pin_num": 0,
            "pin_ratio": 0.0
        },
        "logic": {
            "area": 775.04,
            "area_ratio": 0.8271504802561366,
            "core_usage": 0.4114761409246321,
            "die_usage": 0.3429590792204338,
            "num": 331,
            "num_ratio": 0.533011272141707,
            "pin_num": 1209,
            "pin_ratio": 1.0
        },
        "macros": {
            "area": 0.0,
            "area_ratio": 0.0,
            "core_usage": 0.0,
            "die_usage": 0.0,
            "num": 0,
            "num_ratio": 0.0,
            "pin_num": 0,
            "pin_ratio": 0.0
        },
        "total": {
            "area": 937.0,
            "area_ratio": 1.0,
            "core_usage": 0.49746225233069297,
            "die_usage": 0.41462718986058333,
            "num": 621,
            "num_ratio": 1.0,
            "pin_num": 1209,
            "pin_ratio": 1.0
        }
    },
    "Layers": {
        "cut_layers": [
            {
                "layer_name": "VIA1",
                "layer_order": 8,
                "via_num": 96,
                "via_ratio": 0.3137254901960784
            },
            {
                "layer_name": "VIA2",
                "layer_order": 10,
                "via_num": 96,
                "via_ratio": 0.3137254901960784
            },
            {
                "layer_name": "VIA3",
                "layer_order": 12,
                "via_num": 96,
                "via_ratio": 0.3137254901960784
            },
            {
                "layer_name": "VIA4",
                "layer_order": 14,
                "via_num": 18,
                "via_ratio": 0.058823529411764705
            },
            {
                "layer_name": "T4V2",
                "layer_order": 16,
                "via_num": 0,
                "via_ratio": 0.0
            },
            {
                "layer_name": "RV",
                "layer_order": 18,
                "via_num": 0,
                "via_ratio": 0.0
            }
        ],
        "num_layers": 20,
        "num_layers_cut": 7,
        "num_layers_routing": 7,
        "routing_layers": [
            {
                "layer_name": "MET1",
                "layer_order": 7,
                "patch_num": 0,
                "wire_len": 0.0,
                "wire_num": 0,
                "wire_ratio": 0.0
            },
            {
                "layer_name": "MET2",
                "layer_order": 9,
                "patch_num": 0,
                "wire_len": 0.0,
                "wire_num": 0,
                "wire_ratio": 0.0
            },
            {
                "layer_name": "MET3",
                "layer_order": 11,
                "patch_num": 0,
                "wire_len": 0.0,
                "wire_num": 0,
                "wire_ratio": 0.0
            },
            {
                "layer_name": "MET4",
                "layer_order": 13,
                "patch_num": 0,
                "wire_len": 0.0,
                "wire_num": 0,
                "wire_ratio": 0.0
            },
            {
                "layer_name": "MET5",
                "layer_order": 15,
                "patch_num": 0,
                "wire_len": 0.0,
                "wire_num": 0,
                "wire_ratio": 0.0
            },
            {
                "layer_name": "T4M2",
                "layer_order": 17,
                "patch_num": 0,
                "wire_len": 0.0,
                "wire_num": 0,
                "wire_ratio": 0.0
            },
            {
                "layer_name": "RDL",
                "layer_order": 19,
                "patch_num": 0,
                "wire_len": 0.0,
                "wire_num": 0,
                "wire_ratio": 0.0
            }
        ]
    },
    "Macros": null,
    "Macros Statis": null,
    "Nets": {
        "num_clock": 1,
        "num_patch": 0,
        "num_pins": 1263,
        "num_segment": 0,
        "num_signal": 366,
        "num_total": 367,
        "num_via": 0,
        "num_wire": 0,
        "ratio_clock": null,
        "ratio_signal": null,
        "wire_len": 0.0,
        "wire_len_clock": 0.0,
        "wire_len_signal": 0.0
    },
    "Pins": {
        "max_fanout": 32,
        "pin_distribution": [
            {
                "inst_num": 290,
                "inst_ratio": 0.4669887278582931,
                "net_num": 0,
                "net_ratio": 0.0,
                "pin_num": 0
            },
            {
                "inst_num": 0,
                "inst_ratio": 0.0,
                "net_num": 0,
                "net_ratio": 0.0,
                "pin_num": 1
            },
            {
                "inst_num": 22,
                "inst_ratio": 0.03542673107890499,
                "net_num": 242,
                "net_ratio": 0.659400544959128,
                "pin_num": 2
            },
            {
                "inst_num": 153,
                "inst_ratio": 0.2463768115942029,
                "net_num": 49,
                "net_ratio": 0.1335149863760218,
                "pin_num": 3
            },
            {
                "inst_num": 77,
                "inst_ratio": 0.12399355877616747,
                "net_num": 17,
                "net_ratio": 0.04632152588555858,
                "pin_num": 4
            },
            {
                "inst_num": 76,
                "inst_ratio": 0.12238325281803543,
                "net_num": 10,
                "net_ratio": 0.027247956403269755,
                "pin_num": 5
            },
            {
                "inst_num": 3,
                "inst_ratio": 0.004830917874396135,
                "net_num": 12,
                "net_ratio": 0.0326975476839237,
                "pin_num": 6
            },
            {
                "inst_num": 0,
                "inst_ratio": 0.0,
                "net_num": 7,
                "net_ratio": 0.01907356948228883,
                "pin_num": 7
            },
            {
                "inst_num": 0,
                "inst_ratio": 0.0,
                "net_num": 7,
                "net_ratio": 0.01907356948228883,
                "pin_num": 8
            },
            {
                "inst_num": 0,
                "inst_ratio": 0.0,
                "net_num": 7,
                "net_ratio": 0.01907356948228883,
                "pin_num": 9
            },
            {
                "inst_num": 0,
                "inst_ratio": 0.0,
                "net_num": 3,
                "net_ratio": 0.008174386920980926,