{
    "route": {
        "DR": [
            {
                "cut_via_num_map": {
                    "0": 0,
                    "1": 0,
                    "2": 1076,
                    "3": 275,
                    "4": 34,
                    "5": 0,
                    "6": 0
                },
                "iter": 1,
                "routing_patch_num_map": {
                    "0": 0,
                    "1": 0,
                    "2": 75,
                    "3": 10,
                    "4": 0,
                    "5": 0,
                    "6": 0
                },
                "routing_violation_num_map": {
                    "0": 0,
                    "1": 2,
                    "2": 2,
                    "3": 2,
                    "4": 0,
                    "5": 0,
                    "6": 0
                },
                "routing_wire_length_map": {
                    "0": 0.0,
                    "1": 1333.5870000000048,
                    "2": 1831.5190000000036,
                    "3": 842.9340000000004,
                    "4": 146.09600000000003,
                    "5": 0.0,
                    "6": 0.0
                },
                "total_patch_num": 85,
                "total_via_num": 1385,
                "total_violation_num": 6,
                "total_wire_length": 4154.135999999977
            },
            {
                "cut_via_num_map": {
                    "0": 0,
                    "1": 0,
                    "2": 1076,
                    "3": 275,
                    "4": 34,
                    "5": 0,
                    "6": 0
                },
                "iter": 2,
                "routing_patch_num_map": {
                    "0": 0,
                    "1": 0,
                    "2": 75,
                    "3": 10,
                    "4": 0,
                    "5": 0,
                    "6": 0
                },
                "routing_violation_num_map": {
                    "0": 0,
                    "1": 0,
                    "2": 0,
                    "3": 0,
                    "4": 0,
                    "5": 0,
                    "6": 0
                },
                "routing_wire_length_map": {
                    "0": 0.0,
                    "1": 1333.3970000000045,
                    "2": 1831.709000000004,
                    "3": 842.9340000000003,
                    "4": 146.09600000000003,
                    "5": 0.0,
                    "6": 0.0
                },
                "total_patch_num": 85,
                "total_via_num": 1385,
                "total_violation_num": 0,
                "total_wire_length": 4154.135999999979
            },
            {
                "cut_via_num_map": {
                    "0": 0,
                    "1": 0,
                    "2": 1076,
                    "3": 275,
                    "4": 34,
                    "5": 0,
                    "6": 0
                },
                "iter": 3,
                "routing_patch_num_map": {
                    "0": 0,
                    "1": 0,
                    "2": 75,
                    "3": 10,
                    "4": 0,
                    "5": 0,
                    "6": 0
                },
                "routing_violation_num_map": {
                    "0": 0,
                    "1": 0,
                    "2": 0,
                    "3": 0,
                    "4": 0,
                    "5": 0,
                    "6": 0
                },
                "routing_wire_length_map": {
                    "0": 0.0,
                    "1": 1333.3970000000045,
                    "2": 1831.709000000004,
                    "3": 842.9340000000003,
                    "4": 146.09600000000003,
                    "5": 0.0,
                    "6": 0.0
                },
                "total_patch_num": 85,
                "total_via_num": 1385,
                "total_violation_num": 0,
                "total_wire_length": 4154.135999999979
            }
        ],
        "LA": {
            "cut_via_num_map": {
                "0": 0,
                "1": 0,
                "2": 949,
                "3": 507,
                "4": 222,
                "5": 0,
                "6": 0
            },
            "routing_demand_map": {
                "0": 0.0,
                "1": 868.0,
                "2": 2571.0,
                "3": 3379.0,
                "4": 1684.0,
                "5": 0.0,
                "6": 0.0
            },
            "routing_overflow_map": {
                "0": 0.0,
                "1": 2.0,
                "2": 0.0,
                "3": 3.0,
                "4": 0.0,
                "5": 0.0,
                "6": 0.0
            },
            "routing_wire_length_map": {
                "0": 0.0,
                "1": 684.5999999999962,
                "2": 1475.7350000000026,
                "3": 1174.4209999999969,
                "4": 589.4999999999993,
                "5": 0.0,
                "6": 0.0
            },
            "total_demand": 8502.0,
            "total_overflow": 5.0,
            "total_via_num": 1678,
            "total_wire_length": 3924.2560000000753
        },
        "PA": [
            {
                "cut_via_num_map": {
                    "0": 0,
                    "1": 0,
                    "2": 1215,
                    "3": 0,
                    "4": 0,
                    "5": 0,
                    "6": 0
                },
                "iter": 1,
                "routing_patch_num_map": {
                    "0": 0,
                    "1": 0,
                    "2": 1212,
                    "3": 0,
                    "4": 0,
                    "5": 0,
                    "6": 0
                },
                "routing_violation_num_map": {
                    "0": 0,
                    "1": 0,
                    "2": 0,
                    "3": 0,
                    "4": 0,
                    "5": 0,
                    "6": 0
                },
                "routing_wire_length_map": {
                    "0": 0.0,
                    "1": 11.022999999999968,
                    "2": 10.698000000000004,
                    "3": 8.148000000000001,
                    "4": 0.0,
                    "5": 0.0,
                    "6": 0.0
                },
                "total_patch_num": 1212,
                "total_via_num": 1215,
                "total_violation_num": 0,
                "total_wire_length": 29.868999999999694
            },
            {
                "cut_via_num_map": {
                    "0": 0,
                    "1": 0,
                    "2": 1215,
                    "3": 0,
                    "4": 0,
                    "5": 0,
                    "6": 0
                },
                "iter": 2,
                "routing_patch_num_map": {
                    "0": 0,
                    "1": 0,
                    "2": 1212,
                    "3": 0,
                    "4": 0,
                    "5": 0,
                    "6": 0
                },
                "routing_violation_num_map": {
                    "0": 0,
                    "1": 0,
                    "2": 0,
                    "3": 0,
                    "4": 0,
                    "5": 0,
                    "6": 0
                },
                "routing_wire_length_map": {
                    "0": 0.0,
                    "1": 11.022999999999968,
                    "2": 10.698000000000004,
                    "3": 8.148000000000001,
                    "4": 0.0,
                    "5": 0.0,
                    "6": 0.0
                },
                "total_patch_num": 1212,
                "total_via_num": 1215,
                "total_violation_num": 0,
                "total_wire_length": 29.868999999999694
            }
        ],
        "SA": {
            "routing_supply_map": {
                "0": 0,