{
    "Design Information": {
        "design_name": "gcd",
        "design_version": "5.8",
        "eda_tool": "ecc",
        "eda_version": "V23.03-OS-01",
        "flow_memory": "0.000000 MB",
        "flow_runtime": "18.216572 s",
        "flow_stage": "iCTS - Clock Tree Synthesis"
    },
    "Design Layout": {
        "core_area": 1883.56,
        "core_bounding_height": 43.4,
        "core_bounding_width": 43.4,
        "core_usage": 0.416233092546463,
        "design_dbu": 1000,
        "die_area": 2259.8614439999997,
        "die_bounding_height": 47.538,
        "die_bounding_width": 47.538,
        "die_usage": 0.34692391753196716
    },
    "Design Statis": {
        "num_instances": 624,
        "num_iopins": 58,
        "num_layers": 20,
        "num_layers_cut": 7,
        "num_layers_routing": 7,
        "num_nets": 370,
        "num_pdn": 4
    },
    "Instances": {
        "clock": {
            "area": 218.96,
            "area_ratio": 0.2314587737843552,
            "core_usage": 0.11624795599821615,
            "die_usage": 0.09689089593583065,
            "num": 37,
            "num_ratio": 0.05929487179487179,
            "pin_num": 108,
            "pin_ratio": 0.08888888888888889
        },
        "iopads": {
            "area": 0.0,
            "area_ratio": 0.0,
            "core_usage": 0.0,
            "die_usage": 0.0,
            "num": 0,
            "num_ratio": 0.0,
            "pin_num": 0,
            "pin_ratio": 0.0
        },
        "logic": {
            "area": 784.56,
            "area_ratio": 0.8293446088794926,
            "core_usage": 0.41653039988107626,
            "die_usage": 0.34717172686981773,
            "num": 334,
            "num_ratio": 0.5352564102564102,
            "pin_num": 1215,
            "pin_ratio": 1.0
        },
        "macros": {
            "area": 0.0,
            "area_ratio": 0.0,
            "core_usage": 0.0,
            "die_usage": 0.0,
            "num": 0,
            "num_ratio": 0.0,
            "pin_num": 0,
            "pin_ratio": 0.0
        },
        "total": {
            "area": 946.0,
            "area_ratio": 1.0,
            "core_usage": 0.502240438318928,
            "die_usage": 0.4186097349072698,
            "num": 624,
            "num_ratio": 1.0,
            "pin_num": 1215,
            "pin_ratio": 1.0
        }
    },
    "Layers": {
        "cut_layers": [
            {
                "layer_name": "VIA1",
                "layer_order": 8,
                "via_num": 96,
                "via_ratio": 0.3137254901960784
            },
            {
                "layer_name": "VIA2",
                "layer_order": 10,
                "via_num": 96,
                "via_ratio": 0.3137254901960784
            },
            {
                "layer_name": "VIA3",
                "layer_order": 12,
                "via_num": 96,
                "via_ratio": 0.3137254901960784
            },
            {
                "layer_name": "VIA4",
                "layer_order": 14,
                "via_num": 18,
                "via_ratio": 0.058823529411764705
            },
            {
                "layer_name": "T4V2",
                "layer_order": 16,
                "via_num": 0,
                "via_ratio": 0.0
            },
            {
                "layer_name": "RV",
                "layer_order": 18,
                "via_num": 0,
                "via_ratio": 0.0
            }
        ],
        "num_layers": 20,
        "num_layers_cut": 7,
        "num_layers_routing": 7,
        "routing_layers": [
            {
                "layer_name": "MET1",
                "layer_order": 7,
                "patch_num": 0,
                "wire_len": 0.0,
                "wire_num": 0,
                "wire_ratio": 0.0
            },
            {
                "layer_name": "MET2",
                "layer_order": 9,
                "patch_num": 0,
                "wire_len": 0.0,
                "wire_num": 0,
                "wire_ratio": 0.0
            },
            {
                "layer_name": "MET3",
                "layer_order": 11,
                "patch_num": 0,
                "wire_len": 0.0,
                "wire_num": 0,
                "wire_ratio": 0.0
            },
            {
                "layer_name": "MET4",
                "layer_order": 13,
                "patch_num": 0,
                "wire_len": 0.0,
                "wire_num": 0,
                "wire_ratio": 0.0
            },
            {
                "layer_name": "MET5",
                "layer_order": 15,
                "patch_num": 0,
                "wire_len": 0.0,
                "wire_num": 0,
                "wire_ratio": 0.0
            },
            {
                "layer_name": "T4M2",
                "layer_order": 17,
                "patch_num": 0,
                "wire_len": 0.0,
                "wire_num": 0,
                "wire_ratio": 0.0
            },
            {
                "layer_name": "RDL",
                "layer_order": 19,
                "patch_num": 0,
                "wire_len": 0.0,
                "wire_num": 0,
                "wire_ratio": 0.0
            }
        ]
    },
    "Macros": null,
    "Macros Statis": null,
    "Nets": {
        "num_clock": 4,
        "num_patch": 0,
        "num_pins": 1269,
        "num_segment": 0,
        "num_signal": 366,
        "num_total": 370,
        "num_via": 0,
        "num_wire": 0,
        "ratio_clock": null,
        "ratio_signal": null,
        "wire_len": 0.0,
        "wire_len_clock": 0.0,
        "wire_len_signal": 0.0
    },
    "Pins": {
        "max_fanout": 32,
        "pin_distribution": [
            {
                "inst_num": 290,
                "inst_ratio": 0.46474358974358976,
                "net_num": 0,
                "net_ratio": 0.0,
                "pin_num": 0
            },
            {
                "inst_num": 0,
                "inst_ratio": 0.0,
                "net_num": 0,
                "net_ratio": 0.0,
                "pin_num": 1
            },
            {
                "inst_num": 25,
                "inst_ratio": 0.04006410256410257,
                "net_num": 243,
                "net_ratio": 0.6567567567567567,
                "pin_num": 2
            },
            {
                "inst_num": 153,
                "inst_ratio": 0.24519230769230768,
                "net_num": 50,
                "net_ratio": 0.13513513513513514,
                "pin_num": 3
            },
            {
                "inst_num": 77,
                "inst_ratio": 0.1233974358974359,
                "net_num": 17,
                "net_ratio": 0.04594594594594595,
                "pin_num": 4
            },
            {
                "inst_num": 76,
                "inst_ratio": 0.12179487179487179,
                "net_num": 10,
                "net_ratio": 0.02702702702702703,
                "pin_num": 5
            },
            {
                "inst_num": 3,
                "inst_ratio": 0.004807692307692308,
                "net_num": 12,
                "net_ratio": 0.032432432432432434,
                "pin_num": 6
            },
            {
                "inst_num": 0,
                "inst_ratio": 0.0,
                "net_num": 7,
                "net_ratio": 0.01891891891891892,
                "pin_num": 7
            },
            {
                "inst_num": 0,
                "inst_ratio": 0.0,
                "net_num": 7,
                "net_ratio": 0.01891891891891892,
                "pin_num": 8
            },
            {
                "inst_num": 0,
                "inst_ratio": 0.0,
                "net_num": 7,
                "net_ratio": 0.01891891891891892,
                "pin_num": 9
            },
            {
                "inst_num": 0,
                "inst_ratio": 0.0,
                "net_num": 3,
                "net_ratio": 0.008108108108108109,