{
    "Design Information": {
        "design_name": "gcd",
        "design_version": "5.8",
        "eda_tool": "ecc",
        "eda_version": "V23.03-OS-01",
        "flow_memory": "0.000000 MB",
        "flow_runtime": "0.000000 s",
        "flow_stage": "iDB - iEDA Database"
    },
    "Design Layout": {
        "core_area": 1883.56,
        "core_bounding_height": 43.4,
        "core_bounding_width": 43.4,
        "core_usage": 0.4024294316768646,
        "design_dbu": 1000,
        "die_area": 2259.8614439999997,
        "die_bounding_height": 47.538,
        "die_bounding_width": 47.538,
        "die_usage": 0.33541879057884216
    },
    "Design Statis": {
        "num_instances": 615,
        "num_iopins": 58,
        "num_layers": 20,
        "num_layers_cut": 7,
        "num_layers_routing": 7,
        "num_nets": 361,
        "num_pdn": 4
    },
    "Instances": {
        "clock": {
            "area": 209.44,
            "area_ratio": 0.2276521739130435,
            "core_usage": 0.11119369704177197,
            "die_usage": 0.0926782482864467,
            "num": 34,
            "num_ratio": 0.055284552845528454,
            "pin_num": 102,
            "pin_ratio": 0.08521303258145363
        },
        "iopads": {
            "area": 0.0,
            "area_ratio": 0.0,
            "core_usage": 0.0,
            "die_usage": 0.0,
            "num": 0,
            "num_ratio": 0.0,
            "pin_num": 0,
            "pin_ratio": 0.0
        },
        "logic": {
            "area": 758.24,
            "area_ratio": 0.8241739130434783,
            "core_usage": 0.40255686041326,
            "die_usage": 0.3355249951332857,
            "num": 325,
            "num_ratio": 0.5284552845528455,
            "pin_num": 1197,
            "pin_ratio": 1.0
        },
        "macros": {
            "area": 0.0,
            "area_ratio": 0.0,
            "core_usage": 0.0,
            "die_usage": 0.0,
            "num": 0,
            "num_ratio": 0.0,
            "pin_num": 0,
            "pin_ratio": 0.0
        },
        "total": {
            "area": 920.0,
            "area_ratio": 1.0,
            "core_usage": 0.4884367899084712,
            "die_usage": 0.4071046047723977,
            "num": 615,
            "num_ratio": 1.0,
            "pin_num": 1197,
            "pin_ratio": 1.0
        }
    },
    "Layers": {
        "cut_layers": [
            {
                "layer_name": "VIA1",
                "layer_order": 8,
                "via_num": 96,
                "via_ratio": 0.3137254901960784
            },
            {
                "layer_name": "VIA2",
                "layer_order": 10,
                "via_num": 96,
                "via_ratio": 0.3137254901960784
            },
            {
                "layer_name": "VIA3",
                "layer_order": 12,
                "via_num": 96,
                "via_ratio": 0.3137254901960784
            },
            {
                "layer_name": "VIA4",
                "layer_order": 14,
                "via_num": 18,
                "via_ratio": 0.058823529411764705
            },
            {
                "layer_name": "T4V2",
                "layer_order": 16,
                "via_num": 0,
                "via_ratio": 0.0
            },
            {
                "layer_name": "RV",
                "layer_order": 18,
                "via_num": 0,
                "via_ratio": 0.0
            }
        ],
        "num_layers": 20,
        "num_layers_cut": 7,
        "num_layers_routing": 7,
        "routing_layers": [
            {
                "layer_name": "MET1",
                "layer_order": 7,
                "patch_num": 0,
                "wire_len": 0.0,
                "wire_num": 0,
                "wire_ratio": 0.0
            },
            {
                "layer_name": "MET2",
                "layer_order": 9,
                "patch_num": 0,
                "wire_len": 0.0,
                "wire_num": 0,
                "wire_ratio": 0.0
            },
            {
                "layer_name": "MET3",
                "layer_order": 11,
                "patch_num": 0,
                "wire_len": 0.0,
                "wire_num": 0,
                "wire_ratio": 0.0
            },
            {
                "layer_name": "MET4",
                "layer_order": 13,
                "patch_num": 0,
                "wire_len": 0.0,
                "wire_num": 0,
                "wire_ratio": 0.0
            },
            {
                "layer_name": "MET5",
                "layer_order": 15,
                "patch_num": 0,
                "wire_len": 0.0,
                "wire_num": 0,
                "wire_ratio": 0.0
            },
            {
                "layer_name": "T4M2",
                "layer_order": 17,
                "patch_num": 0,
                "wire_len": 0.0,
                "wire_num": 0,
                "wire_ratio": 0.0
            },
            {
                "layer_name": "RDL",
                "layer_order": 19,
                "patch_num": 0,
                "wire_len": 0.0,
                "wire_num": 0,
                "wire_ratio": 0.0
            }
        ]
    },
    "Macros": null,
    "Macros Statis": null,
    "Nets": {
        "num_clock": 1,
        "num_patch": 0,
        "num_pins": 1251,
        "num_segment": 0,
        "num_signal": 360,
        "num_total": 361,
        "num_via": 0,
        "num_wire": 0,
        "ratio_clock": null,
        "ratio_signal": null,
        "wire_len": 0.0,
        "wire_len_clock": 0.0,
        "wire_len_signal": 0.0
    },
    "Pins": {
        "max_fanout": 32,
        "pin_distribution": [
            {
                "inst_num": 290,
                "inst_ratio": 0.4715447154471545,
                "net_num": 0,
                "net_ratio": 0.0,
                "pin_num": 0
            },
            {
                "inst_num": 0,
                "inst_ratio": 0.0,
                "net_num": 0,
                "net_ratio": 0.0,
                "pin_num": 1
            },
            {
                "inst_num": 16,
                "inst_ratio": 0.026016260162601626,
                "net_num": 242,
                "net_ratio": 0.6703601108033241,
                "pin_num": 2
            },
            {
                "inst_num": 153,
                "inst_ratio": 0.24878048780487805,
                "net_num": 49,
                "net_ratio": 0.13573407202216067,
                "pin_num": 3
            },
            {
                "inst_num": 77,
                "inst_ratio": 0.12520325203252033,
                "net_num": 16,
                "net_ratio": 0.0443213296398892,
                "pin_num": 4
            },
            {
                "inst_num": 76,
                "inst_ratio": 0.12357723577235773,
                "net_num": 9,
                "net_ratio": 0.024930747922437674,
                "pin_num": 5
            },
            {
                "inst_num": 3,
                "inst_ratio": 0.004878048780487805,
                "net_num": 11,
                "net_ratio": 0.030470914127423823,
                "pin_num": 6
            },
            {
                "inst_num": 0,
                "inst_ratio": 0.0,
                "net_num": 7,
                "net_ratio": 0.019390581717451522,
                "pin_num": 7
            },
            {
                "inst_num": 0,
                "inst_ratio": 0.0,
                "net_num": 7,
                "net_ratio": 0.019390581717451522,
                "pin_num": 8
            },
            {
                "inst_num": 0,
                "inst_ratio": 0.0,
                "net_num": 7,
                "net_ratio": 0.019390581717451522,
                "pin_num": 9
            },
            {
                "inst_num": 0,
                "inst_ratio": 0.0,
                "net_num": 2,
                "net_ratio": 0.00554016620498615,